id,group,name,age,email,city
1,ewqw,Dav,24,dsamples0@google.es,Szeged
2,ewqw,Isidore,44,,Khlong Khuean
3,ewqw,Barnabe,77,bleward2@mysql.com,Casal do Conde
4,ewqw,Lucias,71,lsmidmoor3@joomla.org,Gwangtan
5,ewqw,Drud,38,dwhaplington4@facebook.com,Beruniy
6,ewqw,Ring,61,rhatton5@1und1.de,Jarada
7,ewqw,Griffin,7,giannello6@flavors.me,Amagasaki
8,ewqw,Hulda,87,hrisborough7@wiley.com,
9,ewqw,Kaela,97,kdiperaus8@devhub.com,
10,ewqw,Lorrie,58,lthom9@imgur.com,Unity
11,ewqw,Kurt,66,kgallya@jalbum.net,Budapest
12,ewqw,Berton,46,bmckerlieb@toplist.cz,Bov
13,ewqw,Evelyn,61,estrotonc@ca.gov,Areni
14,,Demeter,29,dmelchiord@flavors.me,Yilan
15,ewqw,Cathyleen,32,cnuschae@homestead.com,Zhaoxian
16,ewqw,Nonie,88,nfarnhillf@unc.edu,Tlogowungu
17,,Fancy,89,fpickardg@github.io,Dulce Nombre de Culmí
18,,Madel,91,mhousamh@sohu.com,Wujiashan
19,ewqw,Josie,5,jrichesi@pen.io,Yege
20,ewqw,Vern,41,vlegginj@ifeng.com,Dankalwa
21,ewqw,Marita,77,mvasichevk@diigo.com,Cerca la Source
22,ewqw,Nonna,97,,Kitamilo
23,ewqw,Aundrea,22,abreaganm@stumbleupon.com,Łopuszna
24,ewqw,Suzi,96,,Salyan
25,ewqw,Nikolas,22,ngraysmarko@sina.com.cn,Esil
26,ewqw,Mireille,87,mswanwickp@washingtonpost.com,Sarzedo
27,ewqw,Dodi,66,doreganq@icio.us,Frederiksberg
28,,Denys,100,dinglibyr@arstechnica.com,Kyoto
29,ewqw,Grissel,84,golagenes@webeden.co.uk,Valencia
30,ewqw,Antonino,43,atollmachet@wisc.edu,Xiaoshi
31,ewqw,Ariadne,5,ashawdforthu@pbs.org,Abiko
32,ewqw,Levi,58,lcasbonv@usatoday.com,Las Tunas
33,ewqw,Harald,9,hdurranw@drupal.org,Santa Rita
34,ewqw,Barty,90,bdjorevicx@cmu.edu,As Sūq al Jadīd
35,ewqw,Helaine,35,hleyninyey@ox.ac.uk,Serebryanyye Prudy
36,ewqw,Abby,98,adavenhallz@msn.com,
37,ewqw,Letisha,18,,
38,ewqw,Benny,19,,Recife
39,ewqw,Scot,15,santoney12@livejournal.com,Latowicz
40,ewqw,Lucretia,16,lwoolfall13@ovh.net,
41,ewqw,Gunilla,95,gblaxeland14@dmoz.org,Luxi
42,ewqw,Margette,74,mcrees15@arstechnica.com,Hongmei
43,ewqw,Tisha,62,tcoldham16@nytimes.com,Чегране
44,ewqw,Horatius,67,hyanin17@amazon.com,Nicoya
45,ewqw,Babette,75,bsey18@jugem.jp,Mariara
46,ewqw,Cordula,60,csallarie19@wikipedia.org,Waepana
47,ewqw,Devin,59,dbowller1a@wunderground.com,Roliça
48,,Denis,93,dbunclark1b@wix.com,Abelheira
49,ewqw,Terrel,11,tkloisner1c@4shared.com,San Pedro Sacatepéquez
50,ewqw,Rafaela,67,rmaleck1d@4shared.com,Governor’s Harbour
51,ewqw,Nathan,47,nmarney1e@scribd.com,Geshan
52,ewqw,Fina,47,fjarred1f@google.cn,Cilebang Satu
53,ewqw,Krystal,68,kaudas1g@seattletimes.com,Khanu Woralaksaburi
54,ewqw,Tracee,13,tmccotter1h@slideshare.net,Bern
55,ewqw,Salome,74,,Vidnoye
56,ewqw,Robinson,42,rnelthrop1j@hostgator.com,Miguel Hidalgo
57,ewqw,Boigie,66,bmcgready1k@devhub.com,Reggada
58,ewqw,Rooney,72,rtordiffe1l@pbs.org,Abakan
59,ewqw,Cad,90,cleaning1m@amazon.co.uk,Santa Lucía
60,,Denny,74,doldcote1n@cnn.com,Lainqu
61,ewqw,Chaddy,11,crodliff1o@digg.com,
62,ewqw,Shay,49,scrooke1p@yellowpages.com,Svetlyy
63,ewqw,Wally,3,wcluff1q@slate.com,Yangdenghu
64,ewqw,Tessa,54,tcastagneto1r@wikispaces.com,Fengcheng
65,ewqw,Almeria,69,adanat1s@goo.ne.jp,Non Sila
66,ewqw,Carissa,59,cglason1t@amazon.co.jp,Hanna
67,ewqw,Kippy,51,kashburner1u@twitter.com,Ilaya
68,ewqw,Nari,51,nmcleary1v@constantcontact.com,Leuburi
69,ewqw,Rosette,18,rdashkovich1w@360.cn,Chartres
70,ewqw,Bernete,73,brolinson1x@macromedia.com,Bahay Pare
71,ewqw,Dorolisa,39,dguilloud1y@cisco.com,Chuanshan
72,ewqw,Hendrick,93,hkenewel1z@wisc.edu,Hugang
73,ewqw,Gabriello,82,gscrivens20@exblog.jp,Pelem
74,ewqw,Ode,67,otrosdall21@tamu.edu,Wola Jachowa
75,ewqw,Ram,38,rmowett22@miitbeian.gov.cn,Meishan
76,ewqw,Cherilynn,96,cblackburn23@ucsd.edu,New York City
77,ewqw,Gertie,77,gmarkwell24@mashable.com,Fatualam
78,ewqw,Albina,88,aroskrug25@intel.com,Zhonglong
79,ewqw,Audy,57,awalak26@goo.ne.jp,Kradinan
80,ewqw,Catha,2,cjenking27@ocn.ne.jp,Shanmu
81,ewqw,Willow,86,wberrie28@bloomberg.com,Trelew
82,,Sharlene,85,sbanfill29@dailymail.co.uk,Plymouth
83,ewqw,Oberon,64,ocluderay2a@godaddy.com,Ресен
84,ewqw,Edna,86,,Chiscas
85,ewqw,Carrissa,48,cormerod2c@hibu.com,La Ceja
86,ewqw,Shannah,37,srozzell2d@hatena.ne.jp,Villarrica
87,ewqw,Lotti,46,ldudmarsh2e@github.io,Beausejour
88,ewqw,Magdalen,73,mdon2f@biblegateway.com,Azul
89,ewqw,Sibley,100,sstrippling2g@networkadvertising.org,Stockholm
90,ewqw,Sander,22,sstreeten2h@360.cn,Veltruby
91,ewqw,Maybelle,93,mjordin2i@blogtalkradio.com,Aldergrove
92,ewqw,Alwyn,50,amcmychem2j@cyberchimps.com,
93,ewqw,Burton,54,bohanlon2k@bandcamp.com,Gempolan Wetan
94,ewqw,Leland,30,lcove2l@barnesandnoble.com,Bandar-e Torkaman
95,ewqw,Hubie,98,hseson2m@deliciousdays.com,Selemadeg Kelod
96,ewqw,Emmeline,96,ebernollet2n@bing.com,Basseterre
97,ewqw,Harriot,31,hboyan2o@gravatar.com,Mobaye
98,,Sianna,28,spotapczuk2p@reddit.com,Dobre Miasto
99,ewqw,Madelle,90,mwebbbowen2q@fotki.com,Ostravice
100,ewqw,Glenden,68,gbargery2r@nationalgeographic.com,Puračić
101,ewqw,Thekla,67,tphysic2s@jiathis.com,Baranusa
102,ewqw,Melisande,95,mletterese2t@e-recht24.de,Batanghari
103,ewqw,Britta,82,bphilo2u@dell.com,Katovice
104,ewqw,Skye,96,spancoust2v@themeforest.net,Barili
105,ewqw,Tull,3,tcockram2w@mapquest.com,Vođinci
106,ewqw,Charyl,52,cbrane2x@abc.net.au,Futuroscope
107,ewqw,Anna,21,abreach2y@google.nl,Kwidzyn
108,ewqw,Cathrine,2,cpentercost2z@uol.com.br,Sv. Anton
109,ewqw,Jaimie,63,jlarret30@kickstarter.com,Dobšice
110,ewqw,Shurlock,13,saymeric31@ucla.edu,Jinping
111,ewqw,Russ,51,rchesson32@fc2.com,Daxing
112,ewqw,Paulie,20,pzaple33@apple.com,Irahuan
113,ewqw,Randee,100,rmallall34@seesaa.net,Oguma
114,ewqw,Lief,43,lhandslip35@ibm.com,Fagatogo
115,ewqw,Carissa,46,cfernier36@sciencedirect.com,Guanyinge
116,ewqw,Brittni,56,bbockh37@marketwatch.com,Nové Sedlo
117,ewqw,Zebulon,23,,Taluksangay
118,ewqw,Kelley,23,kchitty39@unicef.org,Andahuaylas
119,ewqw,Dominique,1,dnanninini3a@vistaprint.com,Ostrów Lubelski
120,ewqw,Kally,25,kgisbye3b@eepurl.com,Widuchowa
121,ewqw,Rad,42,rohoey3c@privacy.gov.au,København
122,ewqw,Raleigh,47,rcardinal3d@usda.gov,Zbůch
123,ewqw,Nelson,48,nleith3e@bigcartel.com,Pandi
124,ewqw,Seana,56,saizikovich3f@i2i.jp,Tagkawayan Sabang
125,ewqw,Adela,67,aweighell3g@kickstarter.com,Daxi
126,ewqw,Merrielle,81,mmccrone3h@ustream.tv,Obiliq
127,ewqw,Kain,15,kblasi3i@moonfruit.com,Lunao
128,ewqw,Prissie,93,pwillas3j@simplemachines.org,Podhum
129,ewqw,Mortie,64,mgobel3k@nsw.gov.au,Independencia
130,ewqw,Barr,64,bmacgeaney3l@google.com.hk,Matadi
131,ewqw,Guenevere,26,gkindle3m@bizjournals.com,Alejandro Roca
132,ewqw,Lucy,94,lwinfindine3n@pbs.org,Lagoa
133,ewqw,Georgianne,61,gtomkies3o@tmall.com,Hassi Berkane
134,ewqw,Tye,78,trailton3p@ftc.gov,Las Palmas
135,ewqw,Teresa,10,tohagerty3q@cdc.gov,Guará
136,ewqw,Maren,38,mlabusquiere3r@opera.com,Huangjiakou
137,ewqw,Priscella,4,pcoke3s@squidoo.com,Bilice
138,ewqw,Arron,31,amclorinan3t@ning.com,Kamiennik
139,ewqw,Aretha,97,ariveles3u@newyorker.com,Rado
140,ewqw,Elysee,38,ebrasseur3v@wunderground.com,Karis
141,ewqw,Mariska,23,mtodaro3w@europa.eu,Huilong
142,ewqw,Alfreda,32,aoheaney3x@about.me,Sanchahe
143,ewqw,Mabel,81,mnovak3y@businesswire.com,Tambac
144,,Marcella,56,mmeynell3z@oaic.gov.au,Shaxi
145,ewqw,Arlen,56,aboog40@constantcontact.com,Volovo
146,ewqw,Constantino,86,cgregory41@ovh.net,Birni N Konni
147,ewqw,Clevie,39,cbeere42@nps.gov,Providence
148,ewqw,Jerrie,13,jadlington43@oaic.gov.au,Strzelin
149,ewqw,Douglas,11,dmccudden44@rediff.com,Rājbirāj
150,ewqw,Gabbie,11,garran45@cnet.com,Rolândia
151,ewqw,Karine,13,klemmon46@google.com.br,Famatina
152,ewqw,Meghann,97,mzavattiero47@time.com,Židlochovice
153,ewqw,Jillie,33,jcarlson48@intel.com,Ban Mai
154,ewqw,Tony,65,tcastagnone49@answers.com,Labuan
155,ewqw,Aeriela,39,amacaleese4a@weather.com,Säffle
156,ewqw,Sibyl,19,skildahl4b@ebay.co.uk,Chiang Rai
157,ewqw,Hasty,89,hdedomenicis4c@toplist.cz,Chonchi
158,ewqw,Thedrick,39,tlambarth4d@shinystat.com,Ludwigshafen am Rhein
159,ewqw,Alex,75,aberns4e@ning.com,Sanxing
160,ewqw,Cully,69,cbromidge4f@youtube.com,Nazareth
161,ewqw,Debera,73,dsorensen4g@digg.com,Iperu
162,ewqw,Nancie,86,nabrashkov4h@yandex.ru,Kebonagung
163,ewqw,Bobbie,7,balsford4i@cloudflare.com,Santa Venera
164,ewqw,Emmie,17,ematyatin4j@blog.com,
165,ewqw,Kerry,70,,Trelew
166,ewqw,Nikolos,94,nlinggood4l@ovh.net,Bastos
167,ewqw,Berton,69,bdrinkale4m@deliciousdays.com,
168,ewqw,Joeann,21,jingledow4n@toplist.cz,Krzykosy
169,ewqw,Ofilia,73,olander4o@foxnews.com,Sunjia
170,ewqw,Eula,35,emilbank4p@google.es,Soras
171,ewqw,Jordain,21,jhaacker4q@apple.com,El Espino
172,ewqw,Cord,64,chousley4r@buzzfeed.com,Cartago
173,ewqw,Waverly,70,wrose4s@opensource.org,Granja
174,ewqw,Glynis,33,gbalderson4t@studiopress.com,Shanhou
175,ewqw,Tomasine,93,tyacobsohn4u@rediff.com,
176,ewqw,Filberto,60,ffretwell4v@wufoo.com,Xigebi
177,ewqw,Rubina,85,rbeardsworth4w@paginegialle.it,Longzui
178,ewqw,Orion,17,odudin4x@diigo.com,Kavalerovo
179,,Mile,89,mdymocke4y@ezinearticles.com,Saint-Péray
180,ewqw,Vachel,76,vdand4z@booking.com,Azogues
181,ewqw,Chadd,41,cremer50@nhs.uk,Chakwāl
182,ewqw,Zachery,98,zropars51@mit.edu,Paris 15
183,ewqw,Frieda,69,fpickup52@answers.com,Hisings Kärra
184,ewqw,Abelard,11,amuat53@patch.com,Goussainville
185,ewqw,Kendal,25,kkoppel54@cam.ac.uk,Jabat
186,ewqw,Orel,5,ostoppe55@bbb.org,Dama
187,ewqw,Margery,10,mbrewin56@bloglines.com,Chełm
188,ewqw,Bailey,31,bsoigne57@oracle.com,Rosario de Lerma
189,,Berne,86,barlet58@smugmug.com,Meaux
190,ewqw,Rorie,19,rlias59@blogs.com,Sofiyivka
191,ewqw,Belita,45,bnudd5a@netvibes.com,
192,ewqw,Horatia,77,hhanley5b@biblegateway.com,Azul
193,ewqw,Greg,14,gpawelec5c@comcast.net,Kamenický Šenov
194,,Bobbie,93,bheenan5d@harvard.edu,Middelburg
195,ewqw,Adolphe,47,acordingly5e@reuters.com,Laxiong
196,ewqw,Emery,54,ewalcot5f@hexun.com,Catac
197,ewqw,Conn,18,cfishby5g@pinterest.com,Perniö
198,ewqw,Ellsworth,51,esavins5h@trellian.com,Candelaria
199,ewqw,Jerad,31,jgabbitus5i@wix.com,Ujiie
200,ewqw,Domenico,40,dhurndall5j@istockphoto.com,Kose
